first_name,last_name,description,quality,title,third_name,__last_seen,entity_id,father_name,type,second_name,name,__first_seen
Abdul-Reza,SHAHLAEE,,,,,2018-04-26 12:44:30.032471,gb-hmt-sanctions.12208,,AKA,,Abdul-Reza SHAHLAEE,2018-04-12 08:17:04.992102
Mochammad,ACHWAN,,,,,2018-04-26 12:44:35.280690,gb-hmt-sanctions.12627,,Prime Alias,,Mochammad ACHWAN,2018-04-12 08:17:12.351561
,DIWANIYA COTTON STATE COMPANY,,,,,2018-04-26 12:45:16.749026,gb-hmt-sanctions.8080,,AKA,,DIWANIYA COTTON STATE COMPANY,2018-04-12 08:18:36.006295
,STATE TRADING COMPANY FOR CONSTRUCTION MATERIALS,,,,,2018-04-26 12:42:25.672717,gb-hmt-sanctions.8235,,Prime Alias,,STATE TRADING COMPANY FOR CONSTRUCTION MATERIALS,2018-04-12 08:16:14.763818
Ali,ABDULLAH,,,,,2018-04-26 12:44:03.544351,gb-hmt-sanctions.8697,,AKA,Zafir,Ali Zafir ABDULLAH,2018-04-12 08:16:22.897817
Baudoin,NGARUYE,,,Colonel,,2018-04-26 12:44:37.266040,gb-hmt-sanctions.12828,,AKA,,Baudoin NGARUYE,2018-04-12 08:17:19.730345
Laurent,BATWARE,,,,,2018-04-26 12:55:09.641690,gb-hmt-sanctions.8710,,AKA,Nkunda,Laurent Nkunda BATWARE,2018-04-12 08:16:32.092717
,RAJAH SOLAIMAN ISLAMIC MOVEMENT,,,,,2018-04-26 12:44:07.635031,gb-hmt-sanctions.10669,,AKA,,RAJAH SOLAIMAN ISLAMIC MOVEMENT,2018-04-12 08:16:24.581349
Jamal,AL MAGHREBI,,,,,2018-04-26 12:44:09.489061,gb-hmt-sanctions.8917,,AKA,,Jamal AL MAGHREBI,2018-04-12 08:16:25.498936
Abu Abd,AL-AZIZ,,,,,2018-04-26 12:44:10.765616,gb-hmt-sanctions.9218,,AKA,,Abu Abd AL-AZIZ,2018-04-12 08:16:25.514897
Myong-Chin,CHANG,,,,,2018-04-26 12:44:38.016260,gb-hmt-sanctions.12844,,Prime Alias,,Myong-Chin CHANG,2018-04-12 08:17:21.439331
,"TRADING AND TRANSPORT SERVICES COMPANY, LIMITED",,,,,2018-04-26 12:44:11.943999,gb-hmt-sanctions.8386,,Prime Alias,,"TRADING AND TRANSPORT SERVICES COMPANY, LIMITED",2018-04-12 08:16:13.775642
,ANSAE INSTITUTE,,,,,2018-04-26 12:44:22.365360,gb-hmt-sanctions.11581,,AKA,,ANSAE INSTITUTE,2018-04-12 08:16:38.389424
,ABU ISMAIL,,,,,2018-04-26 12:45:00.568660,gb-hmt-sanctions.6932,,AKA,,ABU ISMAIL,2018-04-12 08:18:17.883119
,AL-FURQAN FOUNDATION WELFARE TRUST,,,,,2018-04-26 12:45:08.170978,gb-hmt-sanctions.7210,,AKA,,AL-FURQAN FOUNDATION WELFARE TRUST,2018-04-12 08:18:20.344802
,AL-ARABI TRADING COMPANY,,,,,2018-04-26 13:08:53.861029,gb-hmt-sanctions.8281,,Prime Alias,,AL-ARABI TRADING COMPANY,2018-04-12 08:16:15.498246
,AL QAIDA AU MAGHREB ISLAMIQUE (AQMI),,,,,2018-04-26 12:45:10.113923,gb-hmt-sanctions.7247,,AKA,,AL QAIDA AU MAGHREB ISLAMIQUE (AQMI),2018-04-12 08:18:18.685543
,GENERAL ESTABLISHMENT FOR BAKERIES AND OVENS,,,,,2018-04-26 12:45:14.789330,gb-hmt-sanctions.8087,,Prime Alias,,GENERAL ESTABLISHMENT FOR BAKERIES AND OVENS,2018-04-12 08:18:37.348537
,GENERAL ESTABLISHMENT FOR IMPLEMENTING WATER AND SEWERAGE PROJECTS,,,,,2018-04-26 12:45:15.689504,gb-hmt-sanctions.8094,,AKA,,GENERAL ESTABLISHMENT FOR IMPLEMENTING WATER AND SEWERAGE PROJECTS,2018-04-12 08:18:39.544319
,ABU MUSAB,,,,,2018-04-26 12:44:24.109200,gb-hmt-sanctions.8787,,AKA,,ABU MUSAB,2018-04-12 08:16:22.656266
,AL WASEL AND BABEL GENERAL TRADING LLC,,,,,2018-04-26 12:44:08.048218,gb-hmt-sanctions.8276,,Prime Alias,,AL WASEL AND BABEL GENERAL TRADING LLC,2018-04-12 08:16:20.363690
Din Mohammad,HANIF,,,Qari,,2018-04-26 12:45:03.749931,gb-hmt-sanctions.7164,,Prime Alias,,Din Mohammad HANIF,2018-04-12 08:18:19.910823
,"AL TAIBAH, INTL.",,,,,2018-04-26 12:44:08.422135,gb-hmt-sanctions.8362,,AKA,,"AL TAIBAH, INTL.",2018-04-12 08:16:22.889226
Jalaluddin,HAQANI,,,,,2018-04-26 12:45:06.938486,gb-hmt-sanctions.7165,,AKA,,Jalaluddin HAQANI,2018-04-12 08:18:21.967261
,MAYSAN SUGAR STATE ENTERPRISE,,,,,2018-04-26 12:45:13.422501,gb-hmt-sanctions.8126,,Prime Alias,,MAYSAN SUGAR STATE ENTERPRISE,2018-04-12 08:18:37.856781
Qusay,AL-TIKRITI,,,,Hussein,2018-04-26 12:45:13.618121,gb-hmt-sanctions.7613,,Prime Alias,Saddam,Qusay Saddam Hussein AL-TIKRITI,2018-04-12 08:18:36.285236
,GENERAL ESTABLISHMENT FOR FLOUR MILLS,,,,,2018-04-26 12:45:14.406064,gb-hmt-sanctions.8091,,Prime Alias,,GENERAL ESTABLISHMENT FOR FLOUR MILLS,2018-04-12 08:18:41.377556
Abd el Wanis,BAHAA,,,,Abd el Latif,2018-04-26 12:45:15.443228,gb-hmt-sanctions.7874,,AKA,Abd Gawwad,Abd el Wanis Abd Gawwad Abd el Latif BAHAA,2018-04-12 08:18:28.375499
Ibrahim,AL-TIKRITI,,,,Ibrahim Al-Hassan,2018-04-26 12:44:17.314037,gb-hmt-sanctions.8696,,AKA,Sabawi,Ibrahim Sabawi Ibrahim Al-Hassan AL-TIKRITI,2018-04-12 08:16:25.923352
,AL-HARAMAYN FOUNDATION (KENYA),,,,,2018-04-26 12:45:19.140104,gb-hmt-sanctions.8000,,Prime Alias,,AL-HARAMAYN FOUNDATION (KENYA),2018-04-12 08:18:30.280854
Muthana,AL DARI,,,,,2018-04-26 12:44:18.649953,gb-hmt-sanctions.11052,,AKA,Harith,Muthana Harith AL DARI,2018-04-12 08:16:29.500410
Saher,AL-DEEN,,,,,2018-04-26 12:44:19.566478,gb-hmt-sanctions.8380,,AKA,Burhan,Saher Burhan AL-DEEN,2018-04-12 08:16:27.574216
Radulan,SAHIRON,,,,,2018-04-26 12:44:21.848080,gb-hmt-sanctions.8788,,Prime Alias,,Radulan SAHIRON,2018-04-12 08:16:26.573751
Hani,AL SIBA'I,,,,,2018-04-26 12:55:10.147581,gb-hmt-sanctions.8720,,AKA,al-Sayyid,Hani al-Sayyid AL SIBA'I,2018-04-12 08:16:23.447799
Abu Waheed,ARSHAD,,,,Ahmad,2018-04-26 12:55:58.965488,gb-hmt-sanctions.9216,,AKA,Irshad,Abu Waheed Irshad Ahmad ARSHAD,2018-04-12 08:16:23.422741
Muhammad,AHMAD,,,,,2018-04-26 12:44:56.250527,gb-hmt-sanctions.8681,,Prime Alias,Yunis,Muhammad Yunis AHMAD,2018-04-12 08:16:29.258604
Aiman,AL-TIKRITI,,,,Ibrahim Hasan,2018-04-26 12:44:03.620663,gb-hmt-sanctions.8695,,AKA,Sabawi,Aiman Sabawi Ibrahim Hasan AL-TIKRITI,2018-04-12 08:16:19.596277
Faisal,RABBI,,,,,2018-04-26 12:44:33.563562,gb-hmt-sanctions.12455,,AKA,,Faisal RABBI,2018-04-12 08:17:12.494267
Aboud,MOHAMED,,,,,2018-04-26 12:44:35.473030,gb-hmt-sanctions.12735,,AKA,Rogo,Aboud Rogo MOHAMED,2018-04-12 08:17:18.639949
Mohamed,ABU ABDA,,,,,2018-04-26 12:45:07.655095,gb-hmt-sanctions.7087,,AKA,,Mohamed ABU ABDA,2018-04-12 08:18:19.357426
Ben Narvan,AZIZ,,,,,2018-04-26 12:45:13.731653,gb-hmt-sanctions.7808,,AKA,Abdel,Ben Narvan Abdel AZIZ,2018-04-12 08:18:28.106293
Larzg,BEN ILA,,,,,2018-04-26 12:44:05.395139,gb-hmt-sanctions.8920,,AKA,,Larzg BEN ILA,2018-04-12 08:16:26.698650
Ehsanullah,AKHUNDZADA,,,Maulavi,Hesamuddin,2018-04-26 12:45:16.122404,gb-hmt-sanctions.7123,,Prime Alias,Sarfida,Ehsanullah Sarfida Hesamuddin AKHUNDZADA,2018-04-12 08:18:21.244928
,KAVEH CUTTING TOOLS COMPANY,,,,,2018-04-26 12:44:16.841648,gb-hmt-sanctions.11126,,Prime Alias,,KAVEH CUTTING TOOLS COMPANY,2018-04-12 08:16:28.932139
,AEROSPACE INDUSTRIES ORGANISATION (AIO),,,,,2018-04-26 12:44:18.717870,gb-hmt-sanctions.9102,,Prime Alias,,AEROSPACE INDUSTRIES ORGANISATION (AIO),2018-04-12 08:16:23.247759
,CENTER FOR AGRICULTURAL MECHANIZATION,,,,,2018-04-26 12:45:16.889693,gb-hmt-sanctions.8067,,AKA,,CENTER FOR AGRICULTURAL MECHANIZATION,2018-04-12 08:18:32.572461
Said,AL-CHERIF,,,,Ben Omar,2018-04-26 12:45:19.149382,gb-hmt-sanctions.7872,,Prime Alias,Ben Abdelhakim,Said Ben Abdelhakim Ben Omar AL-CHERIF,2018-04-12 08:18:28.705917
Fereidoun,ABBASI-DAVANI,,,,,2018-04-26 12:44:14.854762,gb-hmt-sanctions.9049,,Prime Alias,,Fereidoun ABBASI-DAVANI,2018-04-12 08:16:24.765076
Innocent,ZIMULINDA,,,,,2018-04-26 12:44:19.915516,gb-hmt-sanctions.11278,,AKA,,Innocent ZIMULINDA,2018-04-12 08:16:39.394553
,HAJI MUHAMMAD QASIM SARAFI,,,,,2018-04-26 12:44:36.873546,gb-hmt-sanctions.12814,,AKA,,HAJI MUHAMMAD QASIM SARAFI,2018-04-12 08:17:32.313405
Gulmurod,KHALIMOV,,,,,2018-04-26 12:44:51.546668,gb-hmt-sanctions.13313,,Prime Alias,,Gulmurod KHALIMOV,2018-04-12 08:17:38.431441
Husam,AL-YASSIN,,,,Amin,2018-04-26 12:45:12.593540,gb-hmt-sanctions.7600,,Prime Alias,Muhammad,Husam Muhammad Amin AL-YASSIN,2018-04-12 08:18:33.151134
Habibullah,RESHAD,,,Mullah,,2018-04-26 12:45:12.964701,gb-hmt-sanctions.7417,,Prime Alias,,Habibullah RESHAD,2018-04-12 08:18:25.617015
Abdul Ghafar,ABDUL GHANI,,,Maulavi,,2018-04-26 12:45:13.238502,gb-hmt-sanctions.7405,,Prime Alias,Qurishi,Abdul Ghafar Qurishi ABDUL GHANI,2018-04-12 08:18:25.941578
Hassan,ALI,,,,Aweys,2018-04-26 12:45:22.454542,gb-hmt-sanctions.6995,,AKA,Dahir,Hassan Dahir Aweys ALI,2018-04-12 08:18:22.774959
Douglas,MPAMO,,,,,2018-04-26 12:44:09.436665,gb-hmt-sanctions.8711,,AKA,Iruta,Douglas Iruta MPAMO,2018-04-12 08:16:19.226631
IO,MUSONI,,,,,2018-04-26 12:44:18.534386,gb-hmt-sanctions.9065,,AKA,,IO MUSONI,2018-04-12 08:16:25.539936
,ISFAHAN OPTICS,,,,,2018-04-26 12:44:19.116841,gb-hmt-sanctions.11204,,Prime Alias,,ISFAHAN OPTICS,2018-04-12 08:16:34.283442
,ARMAMENT INDUSTRIES,,,,,2018-04-26 12:44:20.864428,gb-hmt-sanctions.9103,,Prime Alias,,ARMAMENT INDUSTRIES,2018-04-12 08:16:22.639450
Saraj,HAQANI,,,,,2018-04-26 12:55:58.647745,gb-hmt-sanctions.9158,,AKA,,Saraj HAQANI,2018-04-12 08:16:28.600121
,AHMAD SHAH HAWALA,,,,,2018-04-26 12:44:35.742757,gb-hmt-sanctions.12704,,AKA,,AHMAD SHAH HAWALA,2018-04-12 08:17:13.634819
Salem,ALI,,,,,2018-04-26 12:45:06.295659,gb-hmt-sanctions.6994,,AKA,,Salem ALI,2018-04-12 08:18:16.689772
Jan Mohammad,IKRAM,,,Maulavi,,2018-04-26 12:45:09.547293,gb-hmt-sanctions.7257,,Prime Alias,Madani,Jan Mohammad Madani IKRAM,2018-04-12 08:18:24.978657
Sassi,ADEL,,,,,2018-04-26 12:45:17.743700,gb-hmt-sanctions.7877,,AKA,,Sassi ADEL,2018-04-12 08:18:45.286403
Fuad,KALAF,,,,,2018-04-19 11:32:21.337366,gb-hmt-sanctions.11092,,AKA,Mohamed,Fuad Mohamed KALAF,2018-04-12 08:16:33.676422
Frere,IBRAHIM,,,,,2018-04-26 12:44:11.969591,gb-hmt-sanctions.10679,,AKA,Petrus,Frere Petrus IBRAHIM,2018-04-12 08:16:31.791219
,SYRIAN PETROLEUM COMPANY,,,,,2018-04-26 12:44:37.834979,gb-hmt-sanctions.12644,,Prime Alias,,SYRIAN PETROLEUM COMPANY,2018-04-12 08:17:15.762643
,ALUMINAT,,,,,2018-04-26 12:44:37.998519,gb-hmt-sanctions.12820,,Prime Alias,,ALUMINAT,2018-04-12 08:17:19.822071
Mohammad,NAQDI,,,Brigadier-General,,2018-04-26 12:44:13.499507,gb-hmt-sanctions.10439,,Prime Alias,Reza,Mohammad Reza NAQDI,2018-04-12 08:16:26.065321
Umar,AL-ALUSI,,,,Ali,2018-04-26 12:44:13.586089,gb-hmt-sanctions.8694,,AKA,Ahmad,Umar Ahmad Ali AL-ALUSI,2018-04-12 08:16:23.081240
Mohamed,ALI,,,,Ahmed Ould,2018-04-26 12:44:15.749217,gb-hmt-sanctions.11097,,AKA,Ould,Mohamed Ould Ahmed Ould ALI,2018-04-12 08:16:30.932961
,AL BIR AL DAWALIA,,,,,2018-04-26 12:45:11.093086,gb-hmt-sanctions.6961,,AKA,,AL BIR AL DAWALIA,2018-04-12 08:18:17.565679
Abdul Raqib,TAKHARI,,,Maulavi,,2018-04-26 12:45:11.571968,gb-hmt-sanctions.7480,,Prime Alias,,Abdul Raqib TAKHARI,2018-04-12 08:18:24.233027
Shaikh,ABDUL,,,,,2018-04-26 12:45:21.711825,gb-hmt-sanctions.7863,,AKA,Ismail,Shaikh Ismail ABDUL,2018-04-12 08:18:31.739080
Pacifique,NTAWUNGUKA,,,,,2018-04-26 12:44:07.779241,gb-hmt-sanctions.10678,,Prime Alias,,Pacifique NTAWUNGUKA,2018-04-12 08:16:25.606554
Adem,YILMAZ,,,,,2018-04-26 12:44:08.685436,gb-hmt-sanctions.10752,,Prime Alias,,Adem YILMAZ,2018-04-12 08:16:26.573531
,SAD EXPORT IMPORT COMPANY,,,,,2018-04-26 12:44:32.133169,gb-hmt-sanctions.12492,,Prime Alias,,SAD EXPORT IMPORT COMPANY,2018-04-12 08:17:10.586042
Ibrahim,AL-BADRI AL-SAMARRAI,,,,Ibrahim,2018-04-26 12:44:32.864772,gb-hmt-sanctions.12157,,AKA,'Awad,Ibrahim 'Awad Ibrahim AL-BADRI AL-SAMARRAI,2018-04-12 08:16:54.572656
Kamal,ABDALLAH,,,,,2018-04-26 12:45:10.137669,gb-hmt-sanctions.7575,,Prime Alias,Mustafa,Kamal Mustafa ABDALLAH,2018-04-12 08:18:29.142672
Abdul,WASIQ,,,,,2018-04-26 12:45:15.594414,gb-hmt-sanctions.7539,,AKA,Haq,Abdul Haq WASIQ,2018-04-12 08:18:31.201198
Ali,BARKANI,,,,,2018-04-26 12:45:18.686639,gb-hmt-sanctions.7860,,AKA,,Ali BARKANI,2018-04-12 08:18:46.661660
,COMPAGNIE AERIENNE DES GRANDS LACS (CAGL),,,,,2018-04-26 12:44:26.539634,gb-hmt-sanctions.9070,,Prime Alias,,COMPAGNIE AERIENNE DES GRANDS LACS (CAGL),2018-04-12 08:16:23.447483
Faizullah,KHAN,,,,,2018-04-26 12:44:27.962204,gb-hmt-sanctions.12154,,AKA,,Faizullah KHAN,2018-04-12 08:17:12.978552
Mohammed,GHULAM NABI,,,Mullah,,2018-04-26 12:45:09.722293,gb-hmt-sanctions.7387,,Prime Alias,Omar,Mohammed Omar GHULAM NABI,2018-04-12 08:18:20.902678
,NATIONAL INSURANCE COMPANY (IRAQ),,,,,2018-04-26 12:45:15.418068,gb-hmt-sanctions.8144,,Prime Alias,,NATIONAL INSURANCE COMPANY (IRAQ),2018-04-12 08:18:39.544137
Muhammad,AYUB,,,,,2018-04-26 12:44:34.205803,gb-hmt-sanctions.12808,,AKA,,Muhammad AYUB,2018-04-12 08:17:18.260929
Pyotr,ZIMA,,,,,2018-04-26 12:44:40.987041,gb-hmt-sanctions.12927,,Prime Alias,Anatoliyovych,Pyotr Anatoliyovych ZIMA,2018-04-12 08:17:19.396738
,DIRECTORATE OF YAZD AMMUNITION AND METALLURGY INDUSTRIES,,,,,2018-04-26 12:44:16.430151,gb-hmt-sanctions.11129,,AKA,,DIRECTORATE OF YAZD AMMUNITION AND METALLURGY INDUSTRIES,2018-04-12 08:16:36.552188
,MOUVEMENT POUR LUNIFICATION ET LE JIHAD EN AFRIQUE DE LOUEST (MUJAO),,,,,2018-04-26 12:44:45.359067,gb-hmt-sanctions.12829,,Prime Alias,,MOUVEMENT POUR LUNIFICATION ET LE JIHAD EN AFRIQUE DE LOUEST (MUJAO),2018-04-12 08:17:19.880188
,CHONGSONG UNITED TRADING COMPANY,,,,,2018-04-26 12:44:17.400958,gb-hmt-sanctions.11282,,AKA,,CHONGSONG UNITED TRADING COMPANY,2018-04-12 08:16:39.626821
Said Jan,'ABD AL-SALAM,,,,,2018-04-26 12:44:18.551031,gb-hmt-sanctions.11634,,Prime Alias,,Said Jan 'ABD AL-SALAM,2018-04-12 08:16:39.135798
Josef,KONY,,,,,2018-04-26 12:45:11.084136,gb-hmt-sanctions.13344,,AKA,,Josef KONY,2018-04-12 08:17:44.060662
Yasin,ALI,,,,,2018-04-26 12:44:13.562816,gb-hmt-sanctions.10929,,AKA,Baynah,Yasin Baynah ALI,2018-04-12 08:16:28.458264
,CENTRAL BANK OF SYRIA,,,,,2018-04-26 12:44:29.098588,gb-hmt-sanctions.12503,,Prime Alias,,CENTRAL BANK OF SYRIA,2018-04-12 08:17:11.951233
,ABU AHMED GROUP,,,,,2018-04-26 12:44:38.261176,gb-hmt-sanctions.12885,,AKA,,ABU AHMED GROUP,2018-04-12 08:17:19.964167
Abdul Rauf,ZAKIR,,,Qari,,2018-04-26 12:44:40.391160,gb-hmt-sanctions.12810,,Prime Alias,,Abdul Rauf ZAKIR,2018-04-12 08:17:16.429398
Mohammad,AKHUND,,,Mullah/Haji,,2018-04-26 12:45:10.104946,gb-hmt-sanctions.7172,,Prime Alias,Hassan,Mohammad Hassan AKHUND,2018-04-12 08:18:22.299186
Abdul,ABU HAIDRA,,,,ammane,2018-04-26 12:45:18.519905,gb-hmt-sanctions.7890,,AKA,Rasak,Abdul Rasak ammane ABU HAIDRA,2018-04-12 08:18:31.805390
Malak,NOORZAI,,,,,2018-04-26 12:44:28.040890,gb-hmt-sanctions.12155,,AKA,,Malak NOORZAI,2018-04-12 08:16:53.222453
Alim,GHAIR,,,,,2018-04-26 12:44:32.722850,gb-hmt-sanctions.11206,,AKA,,Alim GHAIR,2018-04-12 08:16:39.753166
,GENERAL ESTABLISHMENT FOR EXECUTION OF LAND RECLAMATION CONTRACTS,,,,,2018-04-26 12:45:21.169982,gb-hmt-sanctions.8090,,AKA,,GENERAL ESTABLISHMENT FOR EXECUTION OF LAND RECLAMATION CONTRACTS,2018-04-12 08:18:41.194280
Othman,AL OMAIRAH,,,,Othman,2018-04-26 12:44:27.169095,gb-hmt-sanctions.12012,,AKA,Ahmed,Othman Ahmed Othman AL OMAIRAH,2018-04-12 08:16:45.288365
Abdul,ALIZA,,,,,2018-04-26 12:45:06.312067,gb-hmt-sanctions.6912,,AKA,Rauf,Abdul Rauf ALIZA,2018-04-12 08:18:25.566698
Saqar,AL JADAWI,,,,,2018-04-26 12:45:05.208590,gb-hmt-sanctions.6997,,AKA,,Saqar AL JADAWI,2018-04-12 08:18:22.601212
,IRAQI LIFE INSURANCE COMPANY,,,,,2018-04-26 13:10:20.914359,gb-hmt-sanctions.8114,,Prime Alias,,IRAQI LIFE INSURANCE COMPANY,2018-04-12 08:18:40.277796
,LAICO,,,,,2018-04-26 12:44:22.231576,gb-hmt-sanctions.11710,,AKA,,LAICO,2018-04-12 08:16:42.745313
Nooruddin,QASIM,,,Mullah/Maulavi/Haji,Muhammad,2018-04-26 12:45:09.395863,gb-hmt-sanctions.7527,,Prime Alias,Turabi,Nooruddin Turabi Muhammad QASIM,2018-04-12 08:18:24.399681
,UMMAH TAMEER E-NAU (UTN),,,,,2018-04-26 12:45:13.617957,gb-hmt-sanctions.7530,,Prime Alias,,UMMAH TAMEER E-NAU (UTN),2018-04-12 08:18:26.100069
,DESIGN AND STUDIES SECTION,,,,,2018-04-26 12:45:14.563473,gb-hmt-sanctions.8070,,AKA,,DESIGN AND STUDIES SECTION,2018-04-12 08:18:36.223416
,STATE ENTERPRISE FOR PHOSPHATES,,,,,2018-04-26 12:45:15.164233,gb-hmt-sanctions.8190,,Prime Alias,,STATE ENTERPRISE FOR PHOSPHATES,2018-04-12 08:18:41.124580
,AL-RASHEED BANK,,,,,2018-04-26 12:45:15.723059,gb-hmt-sanctions.7814,,AKA,,AL-RASHEED BANK,2018-04-12 08:18:27.739525
,GENERAL ESTABLISHMENT FOR MACHINERY AND IMPLEMENT REPAIR,,,,,2018-04-26 12:45:16.123090,gb-hmt-sanctions.8096,,AKA,,GENERAL ESTABLISHMENT FOR MACHINERY AND IMPLEMENT REPAIR,2018-04-12 08:18:38.885753
,STATE ENTERPRISE FOR WOOD INDUSTRIES,,,,,2018-04-26 12:42:01.535989,gb-hmt-sanctions.8198,,Prime Alias,,STATE ENTERPRISE FOR WOOD INDUSTRIES,2018-04-12 08:16:12.829474
,STATE ENTERPRISE FOR TEXTILE AND SPINNING PRODUCTS IMPORTING AND DISTRIBUTION,,,,,2018-04-26 12:42:01.760344,gb-hmt-sanctions.8196,,Prime Alias,,STATE ENTERPRISE FOR TEXTILE AND SPINNING PRODUCTS IMPORTING AND DISTRIBUTION,2018-04-12 08:16:12.679324
,STATE TRADE ORGANIZATION FOR CAPITAL GOODS,,,,,2018-04-26 12:42:01.840535,gb-hmt-sanctions.8233,,Prime Alias,,STATE TRADE ORGANIZATION FOR CAPITAL GOODS,2018-04-12 08:16:14.371793
,STATE ORGANIZATION FOR ANIMAL PRODUCTION,,,,,2018-04-26 12:42:26.508984,gb-hmt-sanctions.8218,,Prime Alias,,STATE ORGANIZATION FOR ANIMAL PRODUCTION,2018-04-12 08:16:13.496506
,STATE TRADING ENTERPRISE FOR EQUIPMENT AND HAND TOOLS,,,,,2018-04-26 12:42:29.754402,gb-hmt-sanctions.8236,,Prime Alias,,STATE TRADING ENTERPRISE FOR EQUIPMENT AND HAND TOOLS,2018-04-12 08:16:13.312782
,STATE ORGANIZATION FOR TOURISM,,,,,2018-04-26 12:42:54.090470,gb-hmt-sanctions.8226,,Prime Alias,,STATE ORGANIZATION FOR TOURISM,2018-04-12 08:16:11.929278
,STATE ESTABLISHMENT FOR MIDDLE AREA (ROADS),,,,,2018-04-26 12:45:18.432637,gb-hmt-sanctions.8202,,AKA,,STATE ESTABLISHMENT FOR MIDDLE AREA (ROADS),2018-04-12 08:16:13.996920
,AL FURQAN,,,,,2018-04-26 12:44:04.461442,gb-hmt-sanctions.8360,,Prime Alias,,AL FURQAN,2018-04-12 08:16:13.580125
Ali,AL-TIKRITI,,,,Hussein,2018-04-26 12:44:09.140136,gb-hmt-sanctions.8247,,Prime Alias,Saddam,Ali Saddam Hussein AL-TIKRITI,2018-04-12 08:16:22.514291
Najmuddin,AHMAD,,,,,2018-04-26 12:44:09.689101,gb-hmt-sanctions.8970,,Prime Alias,Faraj,Najmuddin Faraj AHMAD,2018-04-12 08:16:21.748301
Thoraya,AL-TIKRITI,,,,Ibrahim Hasan,2018-04-19 11:32:09.147307,gb-hmt-sanctions.8256,,Prime Alias,Barzan,Thoraya Barzan Ibrahim Hasan AL-TIKRITI,2018-04-12 08:16:14.130360
,STATE TRADE ORGANIZATION FOR CONSUMER GOODS,,,,,2018-04-26 12:43:28.072610,gb-hmt-sanctions.8234,,Prime Alias,,STATE TRADE ORGANIZATION FOR CONSUMER GOODS,2018-04-12 08:16:20.213820
Sa'ad,AL-TIKRITI,,,,Ibrahim Hasan,2018-04-26 12:55:09.391166,gb-hmt-sanctions.8698,,AKA,Sabawi,Sa'ad Sabawi Ibrahim Hasan AL-TIKRITI,2018-04-12 08:16:20.580395
Izabayo,DEO,,,,,2018-04-26 12:44:08.494937,gb-hmt-sanctions.10674,,AKA,,Izabayo DEO,2018-04-12 08:16:27.265340
,MINISTRY OF DEFENCE LOGISTICS EXPORT (MODLEX),,,,,2018-04-26 12:44:08.843790,gb-hmt-sanctions.10656,,Prime Alias,,MINISTRY OF DEFENCE LOGISTICS EXPORT (MODLEX),2018-04-12 08:16:28.608445
Musa,ALNSIEM,,,,Abdalla,2018-04-26 12:44:30.538013,gb-hmt-sanctions.8836,,Prime Alias,Hilal,Musa Hilal Abdalla ALNSIEM,2018-04-12 08:16:25.006060
Mohamed,JAAFARI,,,,,2018-04-26 12:44:10.128706,gb-hmt-sanctions.10638,,AKA,Ali,Mohamed Ali JAAFARI,2018-04-12 08:16:32.374800
Qasem,SALIMANI,,,,,2018-04-26 12:44:10.685992,gb-hmt-sanctions.9062,,AKA,,Qasem SALIMANI,2018-04-12 08:16:32.067881
,UGANDA COMMERCIAL IMPEX (UCI) LTD,,,,,2018-04-26 12:44:11.681208,gb-hmt-sanctions.9066,,Prime Alias,,UGANDA COMMERCIAL IMPEX (UCI) LTD,2018-04-12 08:16:33.549808
Moussa,CAMARA,,,Captain,,2018-04-26 12:44:12.714680,gb-hmt-sanctions.10956,,Prime Alias,Dadis,Moussa Dadis CAMARA,2018-04-12 08:16:28.564887
,KOREA DAERYONGGANG TRADING CORPORATION,,,,,2018-04-26 12:44:13.107543,gb-hmt-sanctions.10909,,AKA,,KOREA DAERYONGGANG TRADING CORPORATION,2018-04-12 08:16:27.657188
,SHAHID SAYYADE SHIRAZI INDUSTRIES (SSSI),,,,,2018-04-26 12:44:14.774906,gb-hmt-sanctions.11127,,Prime Alias,,SHAHID SAYYADE SHIRAZI INDUSTRIES (SSSI),2018-04-12 08:16:29.300006
,IRAN COMMUNICATIONS INDUSTRIES (ICI),,,,,2018-04-26 12:44:15.756951,gb-hmt-sanctions.11201,,Prime Alias,,IRAN COMMUNICATIONS INDUSTRIES (ICI),2018-04-12 08:16:32.876585
,IRANIAN AVIATION INDUSTRIES ORGANIZATION (IAIO),,,,,2018-04-26 12:44:15.838667,gb-hmt-sanctions.11203,,Prime Alias,,IRANIAN AVIATION INDUSTRIES ORGANIZATION (IAIO),2018-04-12 08:16:28.564790
Ghazy,AL-MAZIDIH,,,,Hishan,2018-04-26 12:44:19.059627,gb-hmt-sanctions.11051,,Prime Alias,Fezza,Ghazy Fezza Hishan AL-MAZIDIH,2018-04-12 08:16:35.885513
,KOREA RYONBONG GENERAL CORPORATION,,,,,2018-04-26 12:44:21.060138,gb-hmt-sanctions.10893,,Prime Alias,,KOREA RYONBONG GENERAL CORPORATION,2018-04-12 08:16:27.024073
,YAR SANAT,,,,,2018-04-26 12:44:25.531771,gb-hmt-sanctions.12273,,AKA,,YAR SANAT,2018-04-12 08:16:58.813513
,AKHTARABAD MEDICAL CAMP,,,,,2018-04-26 12:44:10.047315,gb-hmt-sanctions.8703,,AKA,,AKHTARABAD MEDICAL CAMP,2018-04-12 08:16:28.073955
Hassan,TAEB,,,,,2018-04-26 12:44:26.056941,gb-hmt-sanctions.11788,,AKA,,Hassan TAEB,2018-04-12 08:16:56.247718
'Abd Al-Rahim,BA'ASYIR,,,,,2018-04-26 12:44:26.080770,gb-hmt-sanctions.12020,,AKA,,'Abd Al-Rahim BA'ASYIR,2018-04-12 08:16:48.730420
,AMIN INDUSTRIAL COMPANY,,,,,2018-04-26 12:44:14.599930,gb-hmt-sanctions.11125,,AKA,,AMIN INDUSTRIAL COMPANY,2018-04-12 08:16:42.745312
Lom-ali,BUTAYEV (BUTAEV),,,,,2018-04-26 12:44:20.932458,gb-hmt-sanctions.11688,,AKA,,Lom-ali BUTAYEV (BUTAEV),2018-04-12 08:16:43.429254
Loi,AGHA,,,,,2018-04-26 12:44:27.289350,gb-hmt-sanctions.11274,,AKA,,Loi AGHA,2018-04-12 08:16:44.938972
Saleh,AKHTAR MUHAMMAD,,,,Kakar,2018-04-26 12:44:21.649272,gb-hmt-sanctions.11275,,Prime Alias,Mohammad,Saleh Mohammad Kakar AKHTAR MUHAMMAD,2018-04-12 08:16:39.817505
Saadi,QADHAFI,,,,,2018-04-26 12:44:22.507847,gb-hmt-sanctions.11648,,Prime Alias,,Saadi QADHAFI,2018-04-12 08:16:39.010755
Abdullah,AL-SENUSSI,,,Colonel,,2018-04-26 12:44:23.367146,gb-hmt-sanctions.11650,,Prime Alias,,Abdullah AL-SENUSSI,2018-04-12 08:16:42.170097
,CHOSON INTERNATIONAL CHEMICALS JOINT OPERATION COMPANY,,,,,2018-04-26 12:44:28.214884,gb-hmt-sanctions.12444,,AKA,,CHOSON INTERNATIONAL CHEMICALS JOINT OPERATION COMPANY,2018-04-12 08:17:11.059781
,CHOSUN YUNHA MACHINERY JOINT OPERATION COMPANY,,,,,2018-04-26 12:44:29.858313,gb-hmt-sanctions.12446,,AKA,,CHOSUN YUNHA MACHINERY JOINT OPERATION COMPANY,2018-04-12 08:17:09.794216
,CHONGCH'AI CH'ONGGUK,,,,,2018-04-26 12:44:32.409738,gb-hmt-sanctions.12448,,AKA,,CHONGCH'AI CH'ONGGUK,2018-04-12 08:17:17.879758
Sadeq,LARIJANI,,,,,2018-04-26 12:44:32.738458,gb-hmt-sanctions.12649,,Prime Alias,,Sadeq LARIJANI,2018-04-12 08:17:11.392710
Manzi,LEON,,,,,2018-04-26 12:44:35.551949,gb-hmt-sanctions.11279,,AKA,,Manzi LEON,2018-04-12 08:17:04.610117
Sadeq,MAHSOULI,,,,,2018-04-26 12:44:37.466081,gb-hmt-sanctions.12189,,Prime Alias,,Sadeq MAHSOULI,2018-04-12 08:16:49.673278
Fazal,RAHIM,,,,,2018-04-26 12:44:42.883160,gb-hmt-sanctions.12555,,Prime Alias,,Fazal RAHIM,2018-04-12 08:17:15.394217
Jean-Marie,RUGERERO,,,,,2018-04-26 12:44:45.621875,gb-hmt-sanctions.12839,,AKA,,Jean-Marie RUGERERO,2018-04-12 08:17:19.319750
,STATE ORGANIZATION FOR ENGINEERING INDUSTRIES,,,,,2018-04-19 11:31:22.615976,gb-hmt-sanctions.8222,,Prime Alias,,STATE ORGANIZATION FOR ENGINEERING INDUSTRIES,2018-04-12 08:16:12.204231
Hassan,AL-TURKI,,,,,2018-04-26 12:44:10.462095,gb-hmt-sanctions.8425,,AKA,,Hassan AL-TURKI,2018-04-12 08:16:32.190995
,ROSMACHIN,,,,,2018-04-26 12:44:34.255904,gb-hmt-sanctions.12493,,Prime Alias,,ROSMACHIN,2018-04-12 08:17:18.369945
,IRGC QODS FORCE,,,,,2018-04-26 12:44:15.222746,gb-hmt-sanctions.11241,,Prime Alias,,IRGC QODS FORCE,2018-04-12 08:16:39.677926
Mazen,ALI HUSSEIN,,,,,2018-04-26 12:44:16.690689,gb-hmt-sanctions.8784,,AKA,,Mazen ALI HUSSEIN,2018-04-12 08:16:33.201946
Khaleel,HAQQANI,,,,,2018-04-26 12:44:18.816879,gb-hmt-sanctions.11633,,AKA,,Khaleel HAQQANI,2018-04-12 08:16:40.267539
Sang,SO,,,,,2018-04-26 12:44:19.541477,gb-hmt-sanctions.11039,,AKA,Kuk,Sang Kuk SO,2018-04-12 08:16:29.608749
,AGRICULTURAL BANK,,,,,2018-04-26 12:44:22.441146,gb-hmt-sanctions.11745,,AKA,,AGRICULTURAL BANK,2018-04-12 08:16:42.761930
Abu Mohammad,AL-BISHAURI,,,,Aminullah,2018-04-26 12:44:22.839874,gb-hmt-sanctions.10908,,AKA,Shaykh,Abu Mohammad Shaykh Aminullah AL-BISHAURI,2018-04-12 08:16:32.318014
Zoulhima,CHALICHE,,,,,2018-04-26 12:44:24.813770,gb-hmt-sanctions.12013,,Prime Alias,,Zoulhima CHALICHE,2018-04-12 08:16:50.797427
,AL HARAMAIN AL MASJED AL AQSA,,,,,2018-04-26 12:44:02.902327,gb-hmt-sanctions.8361,,AKA,,AL HARAMAIN AL MASJED AL AQSA,2018-04-12 08:16:22.714451
,MOATASSAM,,,,,2018-04-26 12:44:19.026260,gb-hmt-sanctions.11639,,AKA,,MOATASSAM,2018-04-12 08:16:41.995416
Ali,ABDALLAH,,,,,2018-04-26 12:44:29.316332,gb-hmt-sanctions.8693,,AKA,Thafir,Ali Thafir ABDALLAH,2018-04-12 08:16:25.607051
Safia,AL-BARASSI,,,,,2018-04-26 12:44:19.347459,gb-hmt-sanctions.11642,,Prime Alias,Farkash,Safia Farkash AL-BARASSI,2018-04-12 08:16:40.067561
Anwar,AL-AULAQI,,,,,2018-04-26 12:44:20.399950,gb-hmt-sanctions.11208,,AKA,,Anwar AL-AULAQI,2018-04-12 08:16:39.626905
Ibrahim,AL ASIRI,,,,,2018-04-26 12:44:22.389944,gb-hmt-sanctions.11743,,AKA,Hassan,Ibrahim Hassan AL ASIRI,2018-04-12 08:16:44.170686
Akram,AL-HISHAN,,,,,2018-04-26 12:56:23.572131,gb-hmt-sanctions.11050,,AKA,Turki,Akram Turki AL-HISHAN,2018-04-12 08:16:38.195340
Muhammad,ABDUL RAHMAN,,,,,2018-04-26 12:44:30.520950,gb-hmt-sanctions.12037,,AKA,Jibriel,Muhammad Jibriel ABDUL RAHMAN,2018-04-12 08:16:46.329552
Ali,SHAKURI,,,,,2018-04-26 12:44:37.843357,gb-hmt-sanctions.12207,,Prime Alias,Gholam,Ali Gholam SHAKURI,2018-04-12 08:16:56.690881
Gure,GAP,,,,,2018-04-26 12:56:47.620684,gb-hmt-sanctions.11093,,AKA,,Gure GAP,2018-04-12 08:16:36.485764
Mansour,ARBABSIAR,,,,,2018-04-26 12:44:31.724317,gb-hmt-sanctions.12206,,AKA,,Mansour ARBABSIAR,2018-04-12 08:16:49.421662
Islam,ATABIEV,,,,,2018-04-26 12:44:45.060224,gb-hmt-sanctions.13299,,Prime Alias,Seit-Umarovich,Islam Seit-Umarovich ATABIEV,2018-04-12 08:17:33.749887
,STATE ORGANIZATION FOR ELECTRICITY,,,,,2018-04-19 11:32:08.755388,gb-hmt-sanctions.8221,,Prime Alias,,STATE ORGANIZATION FOR ELECTRICITY,2018-04-12 08:16:12.896518
Abdullah,AL HAKIM,,,,,2018-04-26 12:44:46.755757,gb-hmt-sanctions.13190,,Prime Alias,Yahya,Abdullah Yahya AL HAKIM,2018-04-12 08:17:37.956089
Khalil,AL ZAFIRI,,,,,2018-04-26 12:44:04.421049,gb-hmt-sanctions.8785,,AKA,Ibrahim,Khalil Ibrahim AL ZAFIRI,2018-04-12 08:16:21.256212
Abdul,AYERAS,,,,,2018-04-26 12:44:05.892847,gb-hmt-sanctions.10668,,AKA,Kareem,Abdul Kareem AYERAS,2018-04-12 08:16:26.059440
Abou,ABDELLAH,,,,,2018-04-26 12:44:09.019981,gb-hmt-sanctions.10691,,AKA,,Abou ABDELLAH,2018-04-12 08:16:29.925835
Ali,SALEH,,,,,2018-04-26 12:44:48.628254,gb-hmt-sanctions.13192,,Prime Alias,Abdullah,Ali Abdullah SALEH,2018-04-12 08:17:35.242281
,HAVA PEYMA SAZI-E IRAN,,,,,2018-04-26 12:44:17.025007,gb-hmt-sanctions.11199,,AKA,,HAVA PEYMA SAZI-E IRAN,2018-04-12 08:16:32.468337
Abdul,AZIZ,,,,,2018-04-26 12:44:50.845409,gb-hmt-sanctions.13302,,AKA,,Abdul AZIZ,2018-04-12 08:17:33.958337
,FAZLULLAH,,,Mullah,,2018-04-26 12:44:55.151121,gb-hmt-sanctions.13246,,AKA,,FAZLULLAH,2018-04-12 08:17:33.038273
Bosco,NTAGANDA,,,,,2018-04-26 12:44:22.651269,gb-hmt-sanctions.8736,,AKA,,Bosco NTAGANDA,2018-04-12 08:16:25.231478
Choe,HWI,,,,,2018-04-26 12:45:00.039617,gb-hmt-sanctions.13473,,Prime Alias,,Choe HWI,2018-04-12 08:17:46.752766
,JUND AL AQSA,,,,,2018-04-26 12:45:01.152646,gb-hmt-sanctions.13509,,Prime Alias,,JUND AL AQSA,2018-04-12 08:18:11.343928
Alfred,EKATOM,,,,,2018-04-26 12:45:03.615486,gb-hmt-sanctions.13271,,AKA,,Alfred EKATOM,2018-04-12 08:17:34.205338
Binalshibh,ABDULLAH,,,,Mohamed,2018-04-26 12:45:05.127737,gb-hmt-sanctions.7098,,AKA,Ramsi,Binalshibh Ramsi Mohamed ABDULLAH,2018-04-12 08:18:19.985680
Allah Dad,MATIN,,,Mullah,,2018-04-26 12:45:08.212672,gb-hmt-sanctions.6953,,Prime Alias,,Allah Dad MATIN,2018-04-12 08:18:24.400049
Obaid,AKHUND,,,,,2018-04-26 12:45:17.474123,gb-hmt-sanctions.6956,,AKA,Ullah,Obaid Ullah AKHUND,2018-04-12 08:18:19.490985
Oleg,KOZYURA,,,,,2018-04-26 12:44:38.549026,gb-hmt-sanctions.12969,,Prime Alias,Grigorievich,Oleg Grigorievich KOZYURA,2018-04-12 08:17:22.397911
Dia,GEORGE,,,,,2018-04-26 12:45:24.463201,gb-hmt-sanctions.7871,,AKA,el Haak,Dia el Haak GEORGE,2018-04-12 08:18:31.442488
,AL MOULATHAMOUN,,,,,2018-04-26 12:44:39.057298,gb-hmt-sanctions.12984,,Prime Alias,,AL MOULATHAMOUN,2018-04-12 08:17:23.162197
Serhii,ZDRILIUK,,,,,2018-04-26 12:44:42.534338,gb-hmt-sanctions.13066,,Prime Alias,Anatoliyovych,Serhii Anatoliyovych ZDRILIUK,2018-04-12 08:17:23.965476
,DK GROUP,,,,,2018-04-26 12:44:48.715838,gb-hmt-sanctions.13240,,Prime Alias,,DK GROUP,2018-04-12 08:17:32.748632
Umm,AL-BRITANI,,,,,2018-04-26 12:44:50.444750,gb-hmt-sanctions.13288,,AKA,Hussain,Umm Hussain AL-BRITANI,2018-04-12 08:17:39.248655
Francois,BOZIZE,,,Professor,,2018-04-26 12:44:50.628174,gb-hmt-sanctions.12998,,Prime Alias,Yangouvonda,Francois Yangouvonda BOZIZE,2018-04-12 08:17:22.105847
Dmitri,KOVTUN,,,,,2018-04-26 12:44:51.137415,gb-hmt-sanctions.13311,,Prime Alias,Vadimovich,Dmitri Vadimovich KOVTUN,2018-04-12 08:17:34.825324
Ali,BASHIR,,,,,2018-04-26 12:44:54.016250,gb-hmt-sanctions.13378,,AKA,Lalobo,Ali Lalobo BASHIR,2018-04-12 08:17:39.356108
,GENERAL ESTABLISHMENT FOR IRRIGATION PROJECTS,,,,,2018-04-19 11:33:18.791751,gb-hmt-sanctions.8095,,AKA,,GENERAL ESTABLISHMENT FOR IRRIGATION PROJECTS,2018-04-12 08:18:37.968813
Gabriel,JOK,,,Lieutenant General,,2018-04-26 12:44:54.167328,gb-hmt-sanctions.13263,,AKA,,Gabriel JOK,2018-04-12 08:17:35.488916
Mahmood,BASHIR-UD-DIN,,,Dr,,2018-04-26 12:45:04.999419,gb-hmt-sanctions.7082,,Prime Alias,Sultan,Mahmood Sultan BASHIR-UD-DIN,2018-04-12 08:18:20.869560
Uday,AL-TIKRITI,,,,Hussein,2018-04-26 12:45:13.905780,gb-hmt-sanctions.7614,,Prime Alias,Saddam,Uday Saddam Hussein AL-TIKRITI,2018-04-12 08:18:30.192799
,STATE ENTERPRISE FOR MECHANICAL INDUSTRIES,,,,,2018-04-26 12:45:13.968349,gb-hmt-sanctions.8188,,Prime Alias,,STATE ENTERPRISE FOR MECHANICAL INDUSTRIES,2018-04-12 08:18:43.477844
,DIRECTORATE GENERAL OF MEDICAL APPLIANCES,,,,,2018-04-26 12:45:16.002035,gb-hmt-sanctions.8076,,AKA,,DIRECTORATE GENERAL OF MEDICAL APPLIANCES,2018-04-12 08:18:34.376336
,TDG LIMITED,,,,,2018-04-26 12:45:19.620903,gb-hmt-sanctions.7817,,AKA,,TDG LIMITED,2018-04-12 08:18:30.272109
,STATE COMPANY FOR ELECTRICAL INDUSTRIES,,,,,2018-04-26 12:45:19.786731,gb-hmt-sanctions.8167,,Prime Alias,,STATE COMPANY FOR ELECTRICAL INDUSTRIES,2018-04-12 08:18:41.949602
Norullah,NOORI,,,,,2018-04-26 12:45:21.028561,gb-hmt-sanctions.7378,,AKA,,Norullah NOORI,2018-04-12 08:18:25.274764
Isam,ALOUCHE,,,,Mohamed,2018-04-26 12:45:11.471817,gb-hmt-sanctions.7489,,Prime Alias,Ali,Isam Ali Mohamed ALOUCHE,2018-04-12 08:18:25.966575
,GENERAL ESTABLISHMENT FOR GRAIN TRADING,,,,,2018-04-26 12:45:13.293010,gb-hmt-sanctions.8092,,Prime Alias,,GENERAL ESTABLISHMENT FOR GRAIN TRADING,2018-04-12 08:18:37.881811
Mohammad Shafiq,AHMADI,,,,,2018-04-26 12:45:16.073810,gb-hmt-sanctions.7443,,AKA,,Mohammad Shafiq AHMADI,2018-04-12 08:18:52.563931
Abu Gharib,AL-MADANI,,,,,2018-04-26 12:44:37.901603,gb-hmt-sanctions.12629,,AKA,,Abu Gharib AL-MADANI,2018-04-12 08:17:20.364383
,COEFFICIENT DEFENSE FOUNDATION,,,,,2018-04-26 12:44:42.116703,gb-hmt-sanctions.13031,,AKA,,COEFFICIENT DEFENSE FOUNDATION,2018-04-12 08:17:23.674115
,RAFIDAIN COMPANY FOR BUILDING DAMS,,,,,2018-04-26 12:45:17.623421,gb-hmt-sanctions.8152,,Prime Alias,,RAFIDAIN COMPANY FOR BUILDING DAMS,2018-04-12 08:18:52.818116
Adam,ABBAS,,,,Toro,2018-04-26 12:44:43.608734,gb-hmt-sanctions.12872,,AKA,Del,Adam Del Toro ABBAS,2018-04-12 08:17:17.379489
Adam Khan,ACHEKZAI,,,Maulavi,,2018-04-26 12:44:44.596365,gb-hmt-sanctions.12867,,Prime Alias,,Adam Khan ACHEKZAI,2018-04-12 08:17:16.485584
Pavel,GUBAREV,,,,,2018-04-26 12:44:44.771284,gb-hmt-sanctions.13044,,Prime Alias,Yurievich,Pavel Yurievich GUBAREV,2018-04-12 08:17:21.464168
Oumar,M'BETIBANGUI,,,,,2018-04-26 12:44:51.429758,gb-hmt-sanctions.13273,,AKA,Younous,Oumar Younous M'BETIBANGUI,2018-04-12 08:17:34.197272
Kim Kyong,OK,,,,,2018-04-26 12:44:54.901047,gb-hmt-sanctions.13475,,Prime Alias,,Kim Kyong OK,2018-04-12 08:17:44.877897
Abdallah,GHALIB,,,,al-Zaydi,2018-04-26 12:44:58.819038,gb-hmt-sanctions.13448,,AKA,Ali,Abdallah Ali al-Zaydi GHALIB,2018-04-12 08:17:48.853254
Abdifatah,ABDI,,,,,2018-04-26 12:44:58.998796,gb-hmt-sanctions.13619,,Prime Alias,Abubakar,Abdifatah Abubakar ABDI,2018-04-12 08:18:16.089853
Hamidullah,AKHUND,,,,,2018-04-26 12:45:02.936501,gb-hmt-sanctions.7159,,AKA,,Hamidullah AKHUND,2018-04-12 08:18:24.899722
,ASAD,,,,,2018-04-26 12:45:03.999947,gb-hmt-sanctions.13539,,AKA,,ASAD,2018-04-12 08:18:10.875866
,GLOBAL RELIEF FOUNDATION (GRF),,,,,2018-04-26 12:45:06.412347,gb-hmt-sanctions.7141,,Prime Alias,,GLOBAL RELIEF FOUNDATION (GRF),2018-04-12 08:18:19.215157
Mohammad Salim,HAQQANI,,,Maulavi,,2018-04-26 12:45:07.367479,gb-hmt-sanctions.7168,,Prime Alias,,Mohammad Salim HAQQANI,2018-04-12 08:18:21.399603
,DOST MOHAMMAD,,,Mullah/Maulavi,,2018-04-26 12:45:08.107848,gb-hmt-sanctions.7297,,Prime Alias,,DOST MOHAMMAD,2018-04-12 08:18:51.226278
Rahmatullah,NAWAZ,,,Alhaj,,2018-04-26 12:45:08.579313,gb-hmt-sanctions.13090,,Prime Alias,Shah,Rahmatullah Shah NAWAZ,2018-04-12 08:17:24.712685
Abdullah,AGHA,,,,,2018-04-26 12:45:09.412958,gb-hmt-sanctions.7213,,AKA,Jan,Abdullah Jan AGHA,2018-04-12 08:18:44.583305
Ahmad Jan,AKHUNDZADA,,,Mullah/Maulavi,Shukoor,2018-04-26 12:45:09.746231,gb-hmt-sanctions.6946,,Prime Alias,Akhundzada,Ahmad Jan Akhundzada Shukoor AKHUNDZADA,2018-04-12 08:18:21.840947
Mohammad Ishaq,AKHUND,,,,,2018-04-26 12:45:12.517689,gb-hmt-sanctions.7130,,AKA,,Mohammad Ishaq AKHUND,2018-04-12 08:18:19.785715
,HAJI ALIM HAWALA,,,,,2018-04-26 12:44:37.102518,gb-hmt-sanctions.12703,,AKA,,HAJI ALIM HAWALA,2018-04-12 08:17:14.545621
Aleksey,KARYAKIN,,,,,2018-04-26 12:44:41.225554,gb-hmt-sanctions.13015,,Prime Alias,Vyacheslavovich,Aleksey Vyacheslavovich KARYAKIN,2018-04-12 08:17:22.289595
,INTERNATIONAL UNION OF PUBLIC ASSOCIATIONS 'GREAT DON ARMY',,,,,2018-04-26 12:44:42.374937,gb-hmt-sanctions.13052,,Prime Alias,,INTERNATIONAL UNION OF PUBLIC ASSOCIATIONS 'GREAT DON ARMY',2018-04-12 08:17:23.990625
Sergey,KOZYAKOV,,,,,2018-04-26 12:44:42.875335,gb-hmt-sanctions.13170,,Prime Alias,Yurievich,Sergey Yurievich KOZYAKOV,2018-04-12 08:17:33.725105
Umm,LAYTH,,,,,2018-04-26 12:44:49.944624,gb-hmt-sanctions.13285,,AKA,,Umm LAYTH,2018-04-12 08:17:35.066821
Abdallah,AL-JAZAIRI,,,,,2018-04-26 12:44:53.388110,gb-hmt-sanctions.13089,,AKA,,Abdallah AL-JAZAIRI,2018-04-12 08:17:22.389626
Mahamat,ADAM,,,,,2018-04-26 12:44:54.583252,gb-hmt-sanctions.12999,,AKA,Nouradine,Mahamat Nouradine ADAM,2018-04-12 08:17:22.272673
,DCB FINANCE LIMITED,,,,,2018-04-26 12:44:55.533682,gb-hmt-sanctions.13431,,Prime Alias,,DCB FINANCE LIMITED,2018-04-12 08:17:49.445155
Hak,RI,,,,,2018-04-26 12:45:00.151359,gb-hmt-sanctions.13373,,AKA,Cheol,Hak Cheol RI,2018-04-12 08:17:40.435436
Omar,AL-FAYYADH,,,,Irhayyim,2018-04-26 12:45:00.664305,gb-hmt-sanctions.13616,,AKA,Mahmood,Omar Mahmood Irhayyim AL-FAYYADH,2018-04-12 08:18:13.459374
Abd,AL-BASIR,,,Haji,,2018-04-26 12:45:01.302025,gb-hmt-sanctions.13268,,AKA,,Abd AL-BASIR,2018-04-12 08:17:38.793196
,AL-HARAMAIN ISLAMIC FOUNDATION,,,,,2018-04-26 12:45:06.103789,gb-hmt-sanctions.6991,,Prime Alias,,AL-HARAMAIN ISLAMIC FOUNDATION,2018-04-12 08:18:18.332149
,COMMERCIAL BANK OF SYRIA,,,,,2018-04-26 12:44:32.624856,gb-hmt-sanctions.12203,,Prime Alias,,COMMERCIAL BANK OF SYRIA,2018-04-12 08:16:48.363200
Abdul Satar,ABDUL MANAN,,,Haji,,2018-04-26 12:44:35.849084,gb-hmt-sanctions.12701,,Prime Alias,,Abdul Satar ABDUL MANAN,2018-04-12 08:17:16.162608
Abubakar,AHMED,,,,,2018-04-26 12:44:36.540004,gb-hmt-sanctions.12737,,AKA,,Abubakar AHMED,2018-04-12 08:17:20.494979
Mohammed Qasim,KHUDAI RAHIM,,,Haji,,2018-04-26 12:44:38.733135,gb-hmt-sanctions.12813,,Prime Alias,Mir Wali,Mohammed Qasim Mir Wali KHUDAI RAHIM,2018-04-12 08:17:20.813822
,ABU-SHUAYB,,,,,2018-04-26 12:44:47.518883,gb-hmt-sanctions.13136,,AKA,,ABU-SHUAYB,2018-04-12 08:17:34.755103
,LORD'S RESISTANCE ARMY,,,,,2018-04-26 12:44:48.780968,gb-hmt-sanctions.13345,,Prime Alias,,LORD'S RESISTANCE ARMY,2018-04-12 08:17:51.034498
,CHONG CHON GANG SHIPPING CO. LTD.,,,,,2018-04-26 12:44:53.124528,gb-hmt-sanctions.13340,,AKA,,CHONG CHON GANG SHIPPING CO. LTD.,2018-04-12 08:17:38.982244
,DAEDONG CREDIT BANK (DCB),,,,,2018-04-26 12:44:55.316832,gb-hmt-sanctions.13341,,Prime Alias,,DAEDONG CREDIT BANK (DCB),2018-04-12 08:17:42.268563
HAK,KIM,,,,,2018-04-26 12:45:00.394242,gb-hmt-sanctions.13415,,AKA,SONG,HAK SONG KIM,2018-04-12 08:17:38.684304
,CHON MYONG SHIPPING COMPANY LIMITED,,,,,2018-04-26 12:45:01.693066,gb-hmt-sanctions.13627,,AKA,,CHON MYONG SHIPPING COMPANY LIMITED,2018-04-12 08:18:16.140731
al-Ghaysi,NAIF,,,,,2018-04-26 12:45:02.561477,gb-hmt-sanctions.13449,,AKA,,al-Ghaysi NAIF,2018-04-12 08:18:04.522803
,AL SILSILAH AL DHAHABA,,,,,2018-04-26 12:45:10.992432,gb-hmt-sanctions.13512,,AKA,,AL SILSILAH AL DHAHABA,2018-04-12 08:18:13.684602
Shahabuddin,DELAWAR,,,Maulavi,,2018-04-26 12:45:11.350430,gb-hmt-sanctions.7119,,Prime Alias,,Shahabuddin DELAWAR,2018-04-12 08:18:18.802450
,HANDASIEH - ORGANIZATION FOR ENGINEERING INDUSTRIES,,,,,2018-04-26 12:44:28.478944,gb-hmt-sanctions.12431,,Prime Alias,,HANDASIEH - ORGANIZATION FOR ENGINEERING INDUSTRIES,2018-04-12 08:17:12.420019
Steven,ALIRABAKI,,,,,2018-04-26 12:44:31.240399,gb-hmt-sanctions.12204,,AKA,,Steven ALIRABAKI,2018-04-12 08:16:57.881489
Igor,PLOTNITSKII,,,,,2018-04-26 12:44:39.535828,gb-hmt-sanctions.13017,,AKA,Venediktovich,Igor Venediktovich PLOTNITSKII,2018-04-12 08:17:37.468136
Peter,GADET,,,a) General b)Major General,,2018-04-26 12:44:40.857958,gb-hmt-sanctions.13022,,Prime Alias,,Peter GADET,2018-04-12 08:17:36.034280
Tarkhan,BATIRASHVILI,,,,,2018-04-26 12:44:47.105755,gb-hmt-sanctions.13196,,AKA,,Tarkhan BATIRASHVILI,2018-04-12 08:17:27.367273
Abu Mohammed,AL-GOLANI,,,,,2018-04-26 12:44:50.486356,gb-hmt-sanctions.12883,,AKA,,Abu Mohammed AL-GOLANI,2018-04-12 08:17:20.712040
Mohamad,A RAHMAN,,,,,2018-04-26 12:45:03.310387,gb-hmt-sanctions.6894,,AKA,Iqbal,Mohamad Iqbal A RAHMAN,2018-04-12 08:18:18.736636
Abdul Baqi,AWAL SHAH,,,Maulavi/Mullah,,2018-04-26 12:45:03.607212,gb-hmt-sanctions.6904,,Prime Alias,Basir,Abdul Baqi Basir AWAL SHAH,2018-04-12 08:18:18.098694
,AL WAFA,,,,,2018-04-26 12:45:04.825832,gb-hmt-sanctions.6972,,AKA,,AL WAFA,2018-04-12 08:18:18.269125
,AHMADULLA,,,,,2018-04-26 12:45:09.580618,gb-hmt-sanctions.6948,,AKA,,AHMADULLA,2018-04-12 08:18:16.911094
,DHUAL,,,Major General,,2018-04-26 12:45:21.487180,gb-hmt-sanctions.13264,,AKA,,DHUAL,2018-04-12 08:17:38.676292
IYAD,AG GHALI,,,,,2018-04-26 12:44:41.541504,gb-hmt-sanctions.12862,,Prime Alias,,IYAD AG GHALI,2018-04-12 08:17:17.163102
Yevgeniy,ORLOV,,,,,2018-04-26 12:44:43.896336,gb-hmt-sanctions.13181,,Prime Alias,Vyacheslavovich,Yevgeniy Vyacheslavovich ORLOV,2018-04-12 08:17:31.616127
Sergey,TSEKOV,,,,,2018-04-26 12:44:44.026374,gb-hmt-sanctions.12929,,Prime Alias,Pavlovych,Sergey Pavlovych TSEKOV,2018-04-12 08:17:20.686732
Abdul,MUTHANA,,,,,2018-04-26 12:44:46.389122,gb-hmt-sanctions.13286,,AKA,,Abdul MUTHANA,2018-04-12 08:17:33.166472
Zaur,ISMAILOV,,,,,2018-04-26 12:44:47.568082,gb-hmt-sanctions.13212,,Prime Alias,Raufovich,Zaur Raufovich ISMAILOV,2018-04-12 08:17:38.035320
Nikolay,KOZITSYN,,,,,2018-04-26 12:44:51.027593,gb-hmt-sanctions.13018,,Prime Alias,Ivanovich,Nikolay Ivanovich KOZITSYN,2018-04-12 08:17:22.582294
Nusret,IMAMOVIC,,,,,2018-04-26 12:44:51.212160,gb-hmt-sanctions.13314,,Prime Alias,,Nusret IMAMOVIC,2018-04-12 08:17:50.503525
Torak,AGHA,,,,,2018-04-26 12:44:51.873674,gb-hmt-sanctions.13306,,AKA,,Torak AGHA,2018-04-12 08:17:38.126158
,BADICA/KRDIAM,,,,,2018-04-26 12:44:54.900217,gb-hmt-sanctions.13274,,AKA,,BADICA/KRDIAM,2018-04-12 08:17:44.358007
Aroun,GAYE,,,,,2018-04-26 12:44:55.141993,gb-hmt-sanctions.13308,,AKA,,Aroun GAYE,2018-04-12 08:17:44.877773
Saleem,AL-IFRI,,,,,2018-04-26 12:44:58.573530,gb-hmt-sanctions.13615,,AKA,,Saleem AL-IFRI,2018-04-12 08:18:14.148081
,ABU BAKR,,,,,2018-04-26 12:45:09.705730,gb-hmt-sanctions.6925,,AKA,,ABU BAKR,2018-04-12 08:18:16.526826
Samir,AL-NAJIM,,,,,2018-04-26 12:45:12.072136,gb-hmt-sanctions.7587,,Prime Alias,Abd al-Aziz,Samir Abd al-Aziz AL-NAJIM,2018-04-12 08:18:25.487060
Aris,MUNANDAR,,,,,2018-04-26 12:45:14.151370,gb-hmt-sanctions.7840,,Prime Alias,,Aris MUNANDAR,2018-04-12 08:18:33.248103
Fathy,AL HADDAD,,,,,2018-04-26 12:45:16.002728,gb-hmt-sanctions.8015,,AKA,Hassan,Fathy Hassan AL HADDAD,2018-04-12 08:18:31.442529
Imad,AL-ZARKAOUI,,,,ben al-Akhdar,2018-04-26 12:45:16.197818,gb-hmt-sanctions.7876,,AKA,ben al-Mekki,Imad ben al-Mekki ben al-Akhdar AL-ZARKAOUI,2018-04-12 08:18:29.555157
,AL-HARAMAYN FOUNDATION (TANZANIA),,,,,2018-04-26 12:45:17.360463,gb-hmt-sanctions.8001,,Prime Alias,,AL-HARAMAYN FOUNDATION (TANZANIA),2018-04-12 08:18:33.872655
Parlin,SIREGAR,,,,,2018-04-26 12:45:18.336497,gb-hmt-sanctions.7838,,AKA,,Parlin SIREGAR,2018-04-12 08:18:30.392354
Abd-al-Tawwab,HUWAYSH,,,,,2018-04-26 12:45:20.353149,gb-hmt-sanctions.7615,,Prime Alias,Mullah,Abd-al-Tawwab Mullah HUWAYSH,2018-04-12 08:18:26.275179
Mehrez,AL-AMDOUNI,,,,Ben Sassi,2018-04-26 12:45:16.389689,gb-hmt-sanctions.7795,,Prime Alias,Ben Mahmoud,Mehrez Ben Mahmoud Ben Sassi AL-AMDOUNI,2018-04-12 08:18:27.254035
Denis,PUSHILIN,,,,,2018-04-26 12:44:40.850408,gb-hmt-sanctions.12962,,AKA,Vladimirovich,Denis Vladimirovich PUSHILIN,2018-04-12 08:17:20.588903
Abou,AAYADH,,,,,2018-04-26 12:44:41.728006,gb-hmt-sanctions.13130,,AKA,,Abou AAYADH,2018-04-12 08:17:24.424117
Ahmed,EL TILEMSI,,,,,2018-04-26 12:44:42.987715,gb-hmt-sanctions.12860,,AKA,,Ahmed EL TILEMSI,2018-04-12 08:17:19.738931
Oleg,BUGROV,,,,,2018-04-26 12:44:43.270255,gb-hmt-sanctions.13177,,Prime Alias,Evgenevich,Oleg Evgenevich BUGROV,2018-04-12 08:17:34.642066
,"OCEAN MARITIME MANAGEMENT COMPANY, LIMITED (OMM)",,,,,2018-04-26 12:44:48.548246,gb-hmt-sanctions.13143,,Prime Alias,,"OCEAN MARITIME MANAGEMENT COMPANY, LIMITED (OMM)",2018-04-12 08:17:30.665808
Yahya,HAQQANI,,,,,2018-04-26 12:44:50.452913,gb-hmt-sanctions.13144,,Prime Alias,,Yahya HAQQANI,2018-04-12 08:17:24.712832
Hissein,ABDOULAYE,,,,,2018-04-26 12:44:56.896623,gb-hmt-sanctions.13458,,AKA,,Hissein ABDOULAYE,2018-04-12 08:17:49.647307
Salim,KONY,,,,,2018-04-26 12:44:57.393356,gb-hmt-sanctions.13379,,Prime Alias,,Salim KONY,2018-04-12 08:17:39.389480
,KHATAIB AL-IMAM AL-BUKHARI,,,,,2018-04-26 12:45:01.685346,gb-hmt-sanctions.13624,,AKA,,KHATAIB AL-IMAM AL-BUKHARI,2018-04-12 08:18:14.411446
Majeed,ABDUL,,,,,2018-04-26 12:45:04.858458,gb-hmt-sanctions.6901,,AKA,Chaudhry,Majeed Chaudhry ABDUL,2018-04-12 08:18:15.556946
Sayf-Al,ADL,,,,,2018-04-26 12:45:12.350854,gb-hmt-sanctions.7424,,Prime Alias,,Sayf-Al ADL,2018-04-12 08:18:25.766469
Khirullah,KHAIRKHWA,,,,Wali,2018-04-26 12:45:12.431315,gb-hmt-sanctions.7223,,AKA,Said,Khirullah Said Wali KHAIRKHWA,2018-04-12 08:18:21.933077
Muzahim,AL-TIKRITI,,,,Hassan,2018-04-26 12:45:13.984304,gb-hmt-sanctions.7609,,Prime Alias,Sa'b,Muzahim Sa'b Hassan AL-TIKRITI,2018-04-12 08:18:26.212085
Ahmed,NOORZAI,,,,,2018-04-26 12:44:43.170123,gb-hmt-sanctions.12863,,AKA,Shah,Ahmed Shah NOORZAI,2018-04-12 08:17:18.269304
,IRAQI TOBACCO STATE ENTERPRISE,,,,,2018-04-26 13:10:21.581952,gb-hmt-sanctions.8122,,AKA,,IRAQI TOBACCO STATE ENTERPRISE,2018-04-12 08:18:39.640578
Abdelrahman,AL JAHANI,,,,Al Dabidi,2018-04-26 12:44:43.608784,gb-hmt-sanctions.13084,,Prime Alias,Mouhamad Zafir,Abdelrahman Mouhamad Zafir Al Dabidi AL JAHANI,2018-04-12 08:17:22.114071
Shamil,ALIEV,,,,,2018-04-26 12:44:47.107013,gb-hmt-sanctions.13303,,AKA,Magomedovich,Shamil Magomedovich ALIEV,2018-04-12 08:17:36.222482
Abu,AL KOSOVA,,,,,2018-04-26 12:44:49.398344,gb-hmt-sanctions.13296,,AKA,Abdullah,Abu Abdullah AL KOSOVA,2018-04-12 08:17:44.094151
Alexandr,SHUBIN,,,,,2018-04-26 12:44:49.652420,gb-hmt-sanctions.13204,,Prime Alias,Vasilievich,Alexandr Vasilievich SHUBIN,2018-04-12 08:17:31.170973
Maghomed,ABDURAKHMANOV,,,,,2018-04-26 12:44:51.312207,gb-hmt-sanctions.13298,,Prime Alias,Maghomedzakirovich,Maghomed Maghomedzakirovich ABDURAKHMANOV,2018-04-12 08:17:38.036355
Faris,BALUCHISTAN,,,,,2018-04-26 12:44:53.124186,gb-hmt-sanctions.13320,,AKA,,Faris BALUCHISTAN,2018-04-12 08:17:36.822318
Sheikh,AL-QAHTANI,,,,,2018-04-26 12:44:56.888868,gb-hmt-sanctions.13349,,AKA,Farooq,Sheikh Farooq AL-QAHTANI,2018-04-12 08:17:40.360395
Kim,CHONG-SIK,,,,,2018-04-26 12:45:00.873402,gb-hmt-sanctions.13561,,AKA,,Kim CHONG-SIK,2018-04-12 08:18:19.727659
Delphin,KAHIMBI,,,,,2018-04-26 12:45:00.960086,gb-hmt-sanctions.13438,,AKA,Kasagwe,Delphin Kasagwe KAHIMBI,2018-04-12 08:17:43.249471
Sayed,AGHA,,,Maulavi,Azim,2018-04-26 12:45:02.961404,gb-hmt-sanctions.6942,,Prime Alias,Mohammad,Sayed Mohammad Azim AGHA,2018-04-12 08:18:18.785369
Ahmed,AKHUND,,,,,2018-04-26 12:45:09.079091,gb-hmt-sanctions.6951,,AKA,Jan,Ahmed Jan AKHUND,2018-04-12 08:18:22.949653
Aziz,AL-NUMAN,,,,,2018-04-26 12:45:11.572852,gb-hmt-sanctions.7589,,Prime Alias,Salih,Aziz Salih AL-NUMAN,2018-04-12 08:18:32.176492
Mohammad Rasul,AYYUB,,,Maulavi,,2018-04-26 12:45:14.255997,gb-hmt-sanctions.7412,,Prime Alias,,Mohammad Rasul AYYUB,2018-04-12 08:18:24.795602
,KUT COTTON TEXTILE STATE COMPANY,,,,,2018-04-26 12:45:15.244243,gb-hmt-sanctions.8124,,Prime Alias,,KUT COTTON TEXTILE STATE COMPANY,2018-04-12 08:18:37.968640
Kamal,AL-HAMRAOUI,,,,Ben Hassan,2018-04-26 12:45:16.206497,gb-hmt-sanctions.7878,,Prime Alias,Ben Maoeldi,Kamal Ben Maoeldi Ben Hassan AL-HAMRAOUI,2018-04-12 08:18:28.641916
,STATE ENTERPRISE FOR SHOPPING CENTRES,,,,,2018-04-19 11:31:19.986303,gb-hmt-sanctions.8195,,Prime Alias,,STATE ENTERPRISE FOR SHOPPING CENTRES,2018-04-12 08:16:12.588017
Haji,ASHRAF,,,,,2018-04-26 12:44:10.320352,gb-hmt-sanctions.9217,,AKA,M,Haji M ASHRAF,2018-04-12 08:16:26.815498
Ekaterina,GUBAREVA,,,,,2018-04-26 12:44:42.483627,gb-hmt-sanctions.13063,,Prime Alias,Yurievna,Ekaterina Yurievna GUBAREVA,2018-04-12 08:17:21.711752
Kevin,GUIAVARCH,,,,Axel,2018-04-26 12:44:44.121478,gb-hmt-sanctions.13138,,Prime Alias,Jordan,Kevin Jordan Axel GUIAVARCH,2018-04-12 08:17:31.816357
Akhmed,CHATAEV,,,,,2018-04-26 12:44:45.539707,gb-hmt-sanctions.13300,,Prime Alias,Rajapovich,Akhmed Rajapovich CHATAEV,2018-04-12 08:17:36.872618
Muhammad,ABDU,,,,,2018-04-26 12:44:45.752246,gb-hmt-sanctions.12884,,AKA,Jamal,Muhammad Jamal ABDU,2018-04-12 08:17:20.928218
Abu- Sa'id,AL BRITANI,,,,,2018-04-26 12:44:46.818281,gb-hmt-sanctions.13287,,AKA,,Abu- Sa'id AL BRITANI,2018-04-12 08:17:34.316563
,AB-BILAL,,,,,2018-04-26 12:44:52.182694,gb-hmt-sanctions.13301,,AKA,,AB-BILAL,2018-04-12 08:17:34.755436
Abu,AKHLAQ,,,,,2018-04-26 12:44:55.692925,gb-hmt-sanctions.13446,,AKA,Ahmad,Abu Ahmad AKHLAQ,2018-04-12 08:17:53.418100
Paul,MALONG,,,,,2018-04-26 12:44:58.348507,gb-hmt-sanctions.13609,,Prime Alias,,Paul MALONG,2018-04-12 08:18:13.277108
Bom Su,JANG,,,,,2018-04-26 12:44:59.218160,gb-hmt-sanctions.13327,,Prime Alias,,Bom Su JANG,2018-04-12 08:17:38.481199
,AFGHAN SUPPORT COMMITTEE (ASC),,,,,2018-04-26 12:45:03.248672,gb-hmt-sanctions.6940,,Prime Alias,,AFGHAN SUPPORT COMMITTEE (ASC),2018-04-12 08:18:16.681940
Abdul Hai,ABDUL QADER,,,Maulavi/Mullah,,2018-04-26 12:45:03.495086,gb-hmt-sanctions.6895,,Prime Alias,Hazem,Abdul Hai Hazem ABDUL QADER,2018-04-12 08:18:15.039366
Abdul Manan,MOHAMMAD ISHAK,,,Maulavi,,2018-04-26 12:45:04.912033,gb-hmt-sanctions.6910,,Prime Alias,,Abdul Manan MOHAMMAD ISHAK,2018-04-12 08:18:18.298657
Ahmad,ALI,,,,,2018-04-26 12:45:07.846116,gb-hmt-sanctions.13618,,Prime Alias,Iman,Ahmad Iman ALI,2018-04-12 08:18:44.641682
,RABITA TRUST,,,,,2018-04-26 12:45:08.571184,gb-hmt-sanctions.7407,,Prime Alias,,RABITA TRUST,2018-04-12 08:18:21.399162
Naib,IMAM,,,,,2018-04-26 12:45:10.063211,gb-hmt-sanctions.7269,,AKA,,Naib IMAM,2018-04-12 08:18:27.000544
Abu,AISYAH,,,,,2018-04-26 12:45:11.183431,gb-hmt-sanctions.13515,,AKA,,Abu AISYAH,2018-04-12 08:18:10.892292
,AHRAR-UL-HIND,,,,,2018-04-26 12:45:11.367376,gb-hmt-sanctions.13491,,AKA,,AHRAR-UL-HIND,2018-04-12 08:17:44.341175
Muhammad,AL-SALIH,,,,,2018-04-26 12:45:12.256273,gb-hmt-sanctions.7595,,Prime Alias,Mahdi,Muhammad Mahdi AL-SALIH,2018-04-12 08:18:27.771535
Molah,FAZL,,,,,2018-04-26 12:45:13.389958,gb-hmt-sanctions.7281,,AKA,,Molah FAZL,2018-04-12 08:18:28.759204
,STATE ENTERPRISE FOR DRINKS AND MINERAL WATER,,,,,2018-04-26 12:45:13.793183,gb-hmt-sanctions.8178,,Prime Alias,,STATE ENTERPRISE FOR DRINKS AND MINERAL WATER,2018-04-12 08:18:40.302113
,STATE ENTERPRISE FOR INLAND FISHERIES,,,,,2018-04-26 12:45:15.682200,gb-hmt-sanctions.8182,,AKA,,STATE ENTERPRISE FOR INLAND FISHERIES,2018-04-12 08:18:40.477434
Yazid,SUFAAT,,,,,2018-04-26 12:45:17.719632,gb-hmt-sanctions.7848,,Prime Alias,,Yazid SUFAAT,2018-04-12 08:18:35.156649
,"AID ORGANIZATION OF THE ULEMA, PAKISTAN",,,,,2018-04-26 12:45:11.150605,gb-hmt-sanctions.6968,,AKA,,"AID ORGANIZATION OF THE ULEMA, PAKISTAN",2018-04-12 08:18:16.114546
